Photo,Has Filter
Images/photo1.jpg,NO
Images/photo2.jpg,NO
Images/photo3.jpg,NO
Images/photo4.jpg,NO
Images/photo5.jpg,NO
Images/photo6.jpg,NO
Images/photo7.jpg,NO
Images/photo8.jpg,NO
Images/photo9.jpg,NO
Images/photo10.jpg,NO
Images/photo11.jpg,NO
Images/photo12.jpg,NO
Images/photo13.jpg,NO
Images/photo14.jpg,NO
Images/photo15.jpg,NO
Images/photo16.jpg,NO
Images/photo17.jpg,NO
Images/photo18.jpeg,NO
Images/photo19.jpg,NO
Images/photo20.jpg,NO
Images/photo21.jpg,NO
Images/photo22.jpg,NO
Images/photo23.jpg,NO
Images/photo24.jpg,NO
Images/photo25.jpg,NO
Images/photo26.jpg,NO
Images/photo27.jpg,NO
Images/photo28.jpg,NO
Images/photo29.jpg,NO
Images/photo30.jpg,NO
Images/photo31.jpg,NO
Images/photo32.jpg,YES
Images/photo33.jpg,YES
Images/photo34.webp,YES
Images/photo35.jpg,YES
Images/photo36.jpg,YES
Images/photo37.jpg,YES
Images/photo38.jpg,YES
Images/photo39.webp,YES
Images/photo41.jpg,YES
Images/photo42.jpg,YES
Images/photo43.jpg,YES
Images/photo44.webp,YES
Images/photo45.jpg,YES
Images/photo46.jpg,YES
Images/photo47.jpg,YES
Images/photo48.jpg,YES
Images/photo49.jpg,YES
Images/photo50.jpg,YES
Images/photo51.jpg,YES
Images/photo52.jpg,YES
Images/photo53.webp,YES
Images/photo54.jpg,YES
Images/photo55.jpg,YES
Images/photo56.jpg,YES
Images/photo57.jpg,YES
Images/photo58.jpg,YES
Images/photo59.png,NO
Images/photo60.jpg,NO
Images/photo61.webp,NO
Images/photo62.jpg,YES
Images/photo63.webp,YES
Images/photo64.jpg,NO
Images/photo65.jpg,NO
Images/photo66.jpg,NO
Images/photo67.jpg,NO
Images/photo68.webp,NO
Images/photo69.webp,NO
Images/photo70.webp,NO
Images/photo71.webp,NO
Images/photo72.png,NO
Images/photo73.jpg,NO
Images/photo75.webp,NO
Images/photo76.jpg,NO
Images/photo77.jpg,NO
Images/photo78.jpg,NO
Images/photo79.jpg,NO
Images/photo80.jpg,NO
Images/photo81.jpg,NO
Images/photo82.jpg,NO
Images/photo84.jpg,NO
Images/photo85.webp,NO
Images/photo86.webp,YES
Images/photo87.jpg,YES
Images/photo88.jpg,YES
Images/photo89.jpg,YES
Images/photo90.jpg,YES
Images/photo91.jpg,YES
Images/photo92.jpg,YES